,text,initial_label,data_type
0,Yik Ieynkvdk,1,name
1,Dba Gal,1,name
2,Vweq Aapyz,1,name
3,Sei Xkvtx,1,name
4,Vxc Anjevnne Dxijqtcg,1,name
5,Hrewaly Esmfvyfc,1,name
6,Dctx Eosgxv Rhqkq,1,name
7,Xzdalcmn Lkavzluo,1,name
8,Ckas Fymuj Lbvm,1,name
9,Dlbwr Gkgcvqa Vlyjl,1,name
10,Umatxvo Igx,1,name
11,Dvf Rgumdm Xer,1,name
12,Qgb Znu Xhpgrbj,1,name
13,Kkxh Ifoz,1,name
14,Fmnju Sqkj,1,name
15,Nhwtcc Lyr,1,name
16,Ptqf Grre,1,name
17,Gyxofj Ezvhh,1,name
18,Zzqpjcc Kadf,1,name
19,Gyrzghha Rexqtspd Cradrpyf,1,name
20,Ffwjevzn Tbiautbt Drnapve,1,name
21,Vwle Wwlzb Mcmqj,1,name
22,Geze Oyhrp,1,name
23,Wbkfikc Vwlcg Tsgvt,1,name
24,Ukuofkh Fpfjtgb,1,name
25,Ehujgbqv Wdld Wdyn,1,name
26,Hvccri Wns,1,name
27,Jqm Rkqgj,1,name
28,Uhn Pkmgwsic Zjqdkuva,1,name
29,Pjoyawdf Ciu Xerekkbg,1,name
30,Dlb Kkn Xngdaooi,1,name
31,Qytc Wsvq Oifim,1,name
32,Ovs Czpuebd,1,name
33,Cackqqal Gmbcdii Jtxdrkdi,1,name
34,Gqjufrz Cyukdst,1,name
35,Yibiufo Omfz,1,name
36,Ppegzid Hhlskw,1,name
37,Avrvvwat Ahjxr Ytzt,1,name
38,Ogephshu Qkonkznx Lvyjug,1,name
39,Keps Dcvneex Vxtxpzma,1,name
40,Fcifi Ykphclq Tdbrsx,1,name
41,Cwj Cfjc Dumhec,1,name
42,Ujukaaf Capxe,1,name
43,Hvvxagw Flwro Ovewobkg,1,name
44,Dhdac Kynjam,1,name
45,Qiyvybfl Mia Lgvxtffu,1,name
46,Txtjlyn Zuj,1,name
47,Hgyp Npozmrnl,1,name
48,Lbzwxcr Hzdusa,1,name
49,Xhl Pody,1,name
50,Szqtkqso Locezdr Gvgdvl,1,name
51,Ifjs Vavqo,1,name
52,Jevvl Wvmoy Oajl,1,name
53,Msdupg Jbdpau,1,name
54,Don Tgn,1,name
55,Xsqb Vtn Dszlchq,1,name
56,Iyktsr Nptwowhm,1,name
57,Guwwap Diaufcs Hyzzs,1,name
58,Hrgn Zngpnsn Iqq,1,name
59,Zpb Kes,1,name
60,Agu Dekhtr,1,name
61,Bcrmhdpq Dtexsl,1,name
62,Vvclhf Dmgdtflz Paou,1,name
63,Dnidch Cfxrr,1,name
64,Umoz Nxwnf Cjpcsr,1,name
65,Ypnxk Pmrmn Plcehz,1,name
66,Awnggn Elnruumn Fpndwdj,1,name
67,Fdqtocdv Dttiq Jowmlw,1,name
68,Msqhpk Vznkwik,1,name
69,Olb Tpdv Tccguyqv,1,name
70,Befqz Wktwe,1,name
71,Tppmxkwr Wknka,1,name
72,Xhkwip Jpjiab Zeanbht,1,name
73,Ewjpvi Yvxrvv,1,name
74,Sjdtif Bmukkowq,1,name
75,Ugv Sbucnwzn Sgtio,1,name
76,Uftm Exjqv Bxuuym,1,name
77,Yufmq Mktaedn Wswivsxp,1,name
78,Rnsy Ednoug Zlwvtj,1,name
79,Vwivteqx Cxkqm,1,name
80,Eydnt Tte Smg,1,name
81,Lmwxcfba Etsfrqb,1,name
82,Guqjflg Glkykf Xsia,1,name
83,Pzrurfhq Gstdt,1,name
84,Hxg Lavp,1,name
85,Omhfr Itrswb Bccxtmce,1,name
86,Srzzmgq Ykgcr Tlgxxf,1,name
87,Pdl Mhilzvr Euc,1,name
88,Nhdhmz Zuvvmjrk,1,name
89,Bvvtb Gxq,1,name
90,Gadm Modsh,1,name
91,Wsbtbmqn Aohrbsb Johsvaa,1,name
92,Mlpbqrlo Jaqw,1,name
93,Dsgq Pkfbd,1,name
94,Ynreqhf Ptk Wjekijtx,1,name
95,Fnvbufah Xug,1,name
96,Ltiwngy Tklgas Ymkjra,1,name
97,Gyszu Jgmvaon Susoan,1,name
98,Jlxghm Ukj Dblzmdk,1,name
99,Cjt Bmmxjhi,1,name
100,Rrxfnp Olcrouvj,1,name
101,Nrghpfp Sodtuk Kaf,1,name
102,Xgipnz Jfes,1,name
103,Jsjbhjjp Drcdearl Ngjpgnrz,1,name
104,Zvvme Ozdwka,1,name
105,Nzpi Ngodhlm,1,name
106,Rddty Cnlid,1,name
107,Apbwb Jjkd Onqctst,1,name
108,Beeoyu Jikttyjy,1,name
109,Xvfozcnl Edmu Xvunhdk,1,name
110,Ivrcz Jejsa Ajmvzgbp,1,name
111,Zdnlhw Cclb,1,name
112,Bkqzh Ivmxgx,1,name
113,Iddic Kue,1,name
114,Xuzqxd Jeohpjby,1,name
115,Lwzad Jvwjq Npn,1,name
116,Tdyfw Prayfi Xsx,1,name
117,Ucco Yhocfrtm,1,name
118,Zqxeer Hakd Yobuqz,1,name
119,Uyqp Arabf Lyyr,1,name
120,Hwzfpz Jwiyga,1,name
121,Rfcwqqmr Navon Bdwq,1,name
122,Fvuq Wvqoyge,1,name
123,Lqruaw Cbsuwt Jjdbhoc,1,name
124,Xgc Tcwrb Nuplnjs,1,name
125,Sixs Oeqpf,1,name
126,Dzn Vmwrecew Xnxmujgf,1,name
127,Qfpdxyr Mdmdrdy Csmej,1,name
128,Eeys Pbl,1,name
129,Qysu Cxqgo,1,name
130,Skrlbe Kept Uwexwpr,1,name
131,Vmpixvee Iuspv,1,name
132,Uvscdq Zzojlpy,1,name
133,Liydqn Gfs Uwafdwa,1,name
134,Lmbavvl Ezpu,1,name
135,Jiadsex Oybszzh Cohsq,1,name
136,Jgu Eagz,1,name
137,Mrsedj Juqsiuh,1,name
138,Idylu Usfidjv Efrkx,1,name
139,Uwpefsbg Ysiotq Wfnqjuwa,1,name
140,Gex Xdzjdg Tpuqya,1,name
141,Fakifrki Uctyms,1,name
142,Vdujyv Zuktuer,1,name
143,Mdsbuln Gvxuv,1,name
144,Phrosyos Klvohp Jjniks,1,name
145,Lszgovl Fnqfirh Orwy,1,name
146,Ezhdu Zwnvb Slprqhh,1,name
147,Ktxf Blfzit,1,name
148,Hzyrxz Fez Ysfaormw,1,name
149,Ielqndm Fbhb Evcdj,1,name
150,Jrpsbv Eoc Nsuvl,1,name
151,Iyznvszx Zmqnklj,1,name
152,Sowdm Nial,1,name
153,Ddr Oxfjytqr Bepqnbqr,1,name
154,Noiqrp Ujpd,1,name
155,Arokqe Urbb,1,name
156,Adinfr Qufxjkzc Kzwbllhb,1,name
157,Inmkbng Axfp,1,name
158,Ftumis Xytejz,1,name
159,Rxg Lgoj,1,name
160,Kmd Fmsixfu,1,name
161,Alnxq Prfn,1,name
162,Svzp Yud,1,name
163,Egpo Hqqvxt,1,name
164,Tmwxcrmz Yottzk,1,name
165,Njahnpr Zpf,1,name
166,Smkgcd Ntl Fgcbuibh,1,name
167,Mhg Xxxe Kzucgi,1,name
168,Sdxb Rqg Txrxzdaa,1,name
169,Jnv Jyn Orjvi,1,name
170,Gew Verr Pknxh,1,name
171,Epfwjk Dxagvxny,1,name
172,Vaec Ndlzk,1,name
173,Kndsaw Cioq,1,name
174,Cmdxhyi Naz,1,name
175,Sffzm Wjq Qgeva,1,name
176,Nlzqu Ifgto,1,name
177,Skhvspvd Xfcdmgq,1,name
178,Cqqcf Fotpqlly Dgah,1,name
179,Wltc Uxqkprox Wjb,1,name
180,Nclm Khfuwzqx,1,name
181,Vlj Zqlrask,1,name
182,Ury Tsaska Naqo,1,name
183,Cnenu Wczhh,1,name
184,Nsw Msvxiza,1,name
185,Loft Bzfkieny,1,name
186,Glgrkhfi Fwlbi Jfhdi,1,name
187,Pjkrhg Giuqbey Agyr,1,name
188,Iegm Zmxstfgd Invkbjkp,1,name
189,Ahiutod Wgze Ivrqb,1,name
190,Glf Nmzloe Kghkv,1,name
191,Nefyv Payzqf Hafams,1,name
192,Lggcsan Rba Zuggu,1,name
193,Etodvuz Kuatx,1,name
194,Mmew Ksuk Caoqvdoz,1,name
195,Yeqg Tphfshc,1,name
196,Cbtwrjp Breord,1,name
197,Hyal Bokrdqz Jou,1,name
198,Celpeef Yayx Mbeatih,1,name
199,Plwxp Jsqf,1,name
200,Psg Uabnctj,1,name
201,Zhmli Euikmwd Rtikjgo,1,name
202,Zvqisg Eajpr,1,name
203,Wbeu Plseytz Fwivoj,1,name
204,Sbheg Wgqqgb Zozcnikf,1,name
205,Iokgfm Egzfnkh,1,name
206,Nwxqyv Hhimrmg,1,name
207,Tntqthke Iumxabh Ulv,1,name
208,Qbg Qgvugdbc,1,name
209,Xpllog Eic,1,name
210,Pnq Zupulqn,1,name
211,Xokxf Vwq,1,name
212,Odsnz Gmnk Ysp,1,name
213,Tyquyb Gfmnjoak,1,name
214,Iicy Noix,1,name
215,Mrkq Dberpsfr,1,name
216,Kuenn Viwuwxhp,1,name
217,Yupvlg Sesrwxy,1,name
218,Eedvqnri Ouoyaz,1,name
219,Pyidtso Xpy,1,name
220,Dzx Ilxewz,1,name
221,Vwhanti Frdbcmx,1,name
222,Bmudzz Shqsmzho,1,name
223,Ayvdt Nighvg,1,name
224,Rwklk Sbt,1,name
225,Fppkull Huly Kvtdqtmr,1,name
226,Oih Vhgh Holmcss,1,name
227,Xlkeess Ksgrrt Fcpm,1,name
228,Ugcnixh Caftcr Azbsqcze,1,name
229,Gpncc Uro,1,name
230,Jnoe Jeis,1,name
231,Asa Hnrxt Bxx,1,name
232,Ydffe Rltmtlaj Cvi,1,name
233,Xwtcqlq Bdsrk,1,name
234,Rburzt Grt Atyb,1,name
235,Ach Rjag Ibgnm,1,name
236,Ncv Cdaxzkss Plulgkaa,1,name
237,Msg Smccb,1,name
238,Ewdvxryo Dsif Tnw,1,name
239,Poa Mpgchnco,1,name
240,Aix Ksajv,1,name
241,Yatal Jmvlzl Ldyxgtu,1,name
242,Ujxjxsge Spjgzwf Mjhave,1,name
243,Qldqcxr Rzheyxzx Etlaxa,1,name
244,Vzibl Ofgqmnrz,1,name
245,Zjbxwv Fhpe Gunch,1,name
246,Gkhtbn Cqpaq Zpmropnd,1,name
247,Lcib Fpkrliee Jzge,1,name
248,Ndopc Ndv,1,name
249,Yxez Ejt,1,name
250,Hug Aaqofet,1,name
251,Nyh Xew Qipvvr,1,name
252,Zdlpkxh Bjmiq,1,name
253,Dbteiqlq Ikvf Eic,1,name
254,Qobrd Dbg Rof,1,name
255,Sqsdftjh Zhhozl Jqxqx,1,name
256,Jwly Ywttb Lbifop,1,name
257,Oumkeed Gqywtg,1,name
258,Rgmk Yjb,1,name
259,Tvswx Nvuvweev Ufmylk,1,name
260,Scmvontv Tywi Qnqv,1,name
261,Cqux Sblp,1,name
262,Eyhh Oykege Tbhu,1,name
263,Ccmrlczd Ttba Jgbljo,1,name
264,Rjix Thhhsbqp Awoc,1,name
265,Yxw Rcaalrxr,1,name
266,Pnbzlp Hzyn,1,name
267,Bvq Zndfriiq Hcgu,1,name
268,Gfdnr Mrxqil,1,name
269,Lgkbcwx Sxqppg Quved,1,name
270,Uqr Xhdirpel Mkqhrz,1,name
271,Oobacc Siuzgl Zypel,1,name
272,Vsvzct Odwbfvra Ybufj,1,name
273,Nsuop Bbj,1,name
274,Xyl Qpyiocf,1,name
275,Itdi Sywz,1,name
276,Iarkg Ethjv Vcnjboxa,1,name
277,Kujv Cyrjexy Qwxd,1,name
278,Qxjwzwfs Tqj Ilbs,1,name
279,Mjzl Sbua,1,name
280,Rvqjq Hgnp,1,name
281,Wcgr Ndnczx,1,name
282,Qzcdphei Vrcrn,1,name
283,Kpavcazl Owuoqkb,1,name
284,Yul Lmy,1,name
285,Xlnt Fsuxny Kttrou,1,name
286,Xhjz Uiiosd Whrb,1,name
287,Nsmmby Jaslmvkz,1,name
288,Qfnzgkor Qwxma Lmwgp,1,name
289,Jrrbk Ush,1,name
290,Uiubvhbx Ynzsdm Objp,1,name
291,Btaqqnio Djwoq,1,name
292,Heipdfp Ynqaumg,1,name
293,Rddgrj Dsvbhz Dabrsu,1,name
294,Uqauo Iqu,1,name
295,Xqpy Rxi,1,name
296,Gxpsqms Xhllle,1,name
297,Laohf Brrzxwmw,1,name
298,Tzg Iog Kdoob,1,name
299,Mzhb Sveydl Fcuexz,1,name
300,Gisov Xizpcnr,1,name
301,Dvh Dpcvu Qrgppxn,1,name
302,Bqoqr Deqaxmlo Gak,1,name
303,Ognocm Yfh Uqxlqvy,1,name
304,Yfgyj Qmn,1,name
305,Bqy Davv,1,name
306,Jxjc Izfhn,1,name
307,Egvdybb Zhm,1,name
308,Vylyvufr Nztmeg,1,name
309,Xlohy Xjz Spwttle,1,name
310,Elljqd Edrl,1,name
311,Khpgx Guldu,1,name
312,Zixqvi Pzvmw,1,name
313,Flil Evtlg Szmyvf,1,name
314,Htrrkxte Geal,1,name
315,Pxikd Elkpghaq Hdqtjts,1,name
316,Kpcdh Lubvbb Tjydp,1,name
317,Rkumgmm Qpuzekge Atpbh,1,name
318,Dwhard Pvoxu Xdk,1,name
319,Rnje Doyoskc,1,name
320,Gvuq Krfpyo Vzfle,1,name
321,Kcwv Xpnwus,1,name
322,Nfoziowo Mwz Pieile,1,name
323,Bwypb Dyxzjnlh,1,name
324,Ykvwcjhl Vnhox Msuntwv,1,name
325,Uahxrgml Anuz Squc,1,name
326,Lgolwcnp Ggnzusc Fedku,1,name
327,Lqzbmn Orno,1,name
328,Vdsskdfv Xliza,1,name
329,Opuajxxb Faxk Nxnlt,1,name
330,Ejqw Afdy Wxqkvs,1,name
331,Oypt Ykqlubhc Ikmidepq,1,name
332,Mtlz Csjtiwoy Bjwi,1,name
333,Dlzmwisw Jrugfpy,1,name
334,Blgea Dqzpiezi,1,name
335,Lcimvz Mhszrr,1,name
336,Twjph Joqux,1,name
337,Jygy Xzgydj Xdwy,1,name
338,Nxgum Bslxtj Fzs,1,name
339,Phec Xivnlci Eqoitbgw,1,name
340,Uybseic Nzuy,1,name
341,Jgtorf Ewax Fjjm,1,name
342,Alf Gnsekbr,1,name
343,Tncj Ocnjdp,1,name
344,Dmsi Eyw,1,name
345,Wlwtogki Gcwjmxif Njhj,1,name
346,Gabst Eqdw Qfeh,1,name
347,Nuipcap Dxshif Uur,1,name
348,Pydxl Yuotp,1,name
349,Kqpejy Ssbuq,1,name
350,Rswxemf Jiwitb Fmkx,1,name
351,Pukezh Jxzmabov Vgrmf,1,name
352,Xfacjd Jdbtxe,1,name
353,Hkvsddbb Bifdvk,1,name
354,Lnpr Nzygc Gepbfv,1,name
355,Aaxdaslf Ailivur Wknnz,1,name
356,Ajwe Judunrv,1,name
357,Txwj Pmjyjs,1,name
358,Qdhl Ulgufgcx Nagb,1,name
359,Dumsff Bjzilrl Wxvicnl,1,name
360,Kwzmcqu Pakschdw,1,name
361,Xqhogfin Ypiuauy,1,name
362,Xmmwb Snfbqeil,1,name
363,Upycxstq Phts,1,name
364,Izdwwvvw Cqyl,1,name
365,Vcqwh Hpx Rwqsw,1,name
366,Txcac Wgxhb,1,name
367,Pvquxqu Htufoxgl Tul,1,name
368,Faxnloux Qmtp Plugkfyp,1,name
369,Gmb Qiqvcssj Cccrjaaq,1,name
370,Jsgmjuv Wklczyx Zjgw,1,name
371,Kxzhk Dcfj,1,name
372,Ykwhuzkj Hoidn,1,name
373,Whk Ntkkpq,1,name
374,Aflu Qop Wgaowng,1,name
375,Fom Lkvm Rsvcyyu,1,name
376,Wbnh Kjb Yjkqkpw,1,name
377,Ktex Lboh,1,name
378,Xyiknmx Pjn,1,name
379,Thyv Nmzcw,1,name
380,Fex Xkd Djhei,1,name
381,Oon Kobly Klofhgd,1,name
382,Jrx Czejosje Ixmt,1,name
383,Csg Umxys Skqj,1,name
384,Bjvvaoa Uhqpwzae Awxdwmz,1,name
385,Mjzbkv Ilfblysd,1,name
386,Xgwjxn Auf,1,name
387,Mvidpli Npqaui,1,name
388,Qieas Axaeauhq,1,name
389,Kjgamgvh Lvzxd Xeyvc,1,name
390,Scvod Jlcrv Aotdzhlh,1,name
391,Lfnmmd Cdtr Aqexqgzy,1,name
392,Omkezx Mplx Jzqtndng,1,name
393,Tnee Vpvng Ffpdzz,1,name
394,Pxrjqtd Udwup Nfvdg,1,name
395,Yerkugpt Ylcweaqh Lstwrqex,1,name
396,Gwyfncf Tiufbwts,1,name
397,Fuf Csv,1,name
398,Rvg Yqowgkce Gacvx,1,name
399,Ekoekz Anclgmcf,1,name
400,Oyqsk Dyj,1,name
401,Mvlur Yknfk,1,name
402,Oarcmu Qlyziui,1,name
403,Qho Kwvc,1,name
404,Xoxccgpk Zusgrs Ablo,1,name
405,Yypbvxo Rruovci Mjebjaij,1,name
406,Pjtm Jrl,1,name
407,Tapfk Vmd,1,name
408,Anh Efojznr,1,name
409,Pxzywkje Tatpy,1,name
410,Hpkcadg Krii,1,name
411,Ucen Ipwgng,1,name
412,Qihmj Wwjp Ttugzukw,1,name
413,Ioalik Slp,1,name
414,Wdxgm Vlfn,1,name
415,Uirofrno Xapvamnx Yzhuyf,1,name
416,Rfku Zqergpe,1,name
417,Cuhi Akkpss,1,name
418,Cut Fnwefrg Prpqytmz,1,name
419,Renqm Fsp,1,name
420,Jhjimsa Ymlsqts Dmgsztg,1,name
421,Aucmx Ixfgri Ujfj,1,name
422,Vnaylmnr Sdjcc Mcvrslcu,1,name
423,Wjaqwdbn Phljfra Fflumu,1,name
424,Egnzmb Jowec,1,name
425,Kxpc Irhynw Yrbkhaq,1,name
426,Nzlttuvf Whpfbn,1,name
427,Lqerpeja Uej,1,name
428,Yhi Pika,1,name
429,Ule Hituvyux,1,name
430,Ymnh Dcyzgfyh Zcwcrbx,1,name
431,Ixsud Gkuu Zlntyle,1,name
432,Lpf Qcb Kbnvqq,1,name
433,Geamcz Kwdkzkc Neuyndf,1,name
434,Tixwfko Fbljppw,1,name
435,Qfgh Bxrit,1,name
436,Rpbpyxn Qhlxxh,1,name
437,Jzfeoyi Vibkfnp,1,name
438,Dnxrnfr Hylymhr Sfpdvlc,1,name
439,Omwehtf Kwdsgqcj,1,name
440,Jghjasv Tpabstrd Xidvvof,1,name
441,Mns Aux Pzyqk,1,name
442,Ebqv Lkwlwi Nthh,1,name
443,Rqniry Gnc,1,name
444,Fldcq Jiksisbl Zrdh,1,name
445,Kbgau Ztriqs Mavokw,1,name
446,Zcradz Kxaxfglj Jypqz,1,name
447,Spbfw Glyppf,1,name
448,Vjerkkbp Xxvzdru Ommbx,1,name
449,Iouanvgg Tgxnyt,1,name
450,Hzd Cpvvkbhr Svmgo,1,name
451,Lknxv Oszvqf,1,name
452,Fzzt Jhd Amtispe,1,name
453,Xlgistzf Lzfazire,1,name
454,Kzrgtyc Quph,1,name
455,Hmt Adehiu Jcfxh,1,name
456,Emyhdvmt Rqypso,1,name
457,Cgtybhc Pdawbu Eaa,1,name
458,Gscekxut Pyqagh,1,name
459,Ptobstci Dorauf Oqeavpc,1,name
460,Qzzzomk Ffejch,1,name
461,Rfgnugj Rnqbrhx Aua,1,name
462,Wkmk Siv Wdpv,1,name
463,Fuh Lypsgyk,1,name
464,Oysj Xtij,1,name
465,Iuspvg Vgpenkbp Phmzcnxc,1,name
466,Gti Wgnqzkna,1,name
467,Cwwkar Elibkhi Ooc,1,name
468,Usi Ydyljz,1,name
469,Ouymelbk Brv,1,name
470,Ckfriko Addtxgwf Ltjs,1,name
471,Jiyoee Aqwsknwk,1,name
472,Hklit Wthoagur Huobgyko,1,name
473,Idsa Wtkhc Kfo,1,name
474,Doanmo Ahrr,1,name
475,Wxfit Qvnoo,1,name
476,Zotvnxue Zsjzf,1,name
477,Ogu Awuv,1,name
478,Pdx Jvnnbo Xbgxhng,1,name
479,Jnblqmbq Aik Eldz,1,name
480,Ipyk Agws,1,name
481,Lzme Dkszehvd Jibt,1,name
482,Uahga Fpbemu,1,name
483,Zyhxoze Ylffxc Yie,1,name
484,Vglwesrf Mrbmvhi Bnts,1,name
485,Jas Ffmqgv Krqwnd,1,name
486,Xrsgkzu Grjixzk Mtdkgoa,1,name
487,Ggkqipia Kxeqkvpe,1,name
488,Gbjvr Qxp Ovgxymee,1,name
489,Fdqhopqv Fithoinw Udjucy,1,name
490,Usxz Rmphfwof,1,name
491,Cvq Wsplytzs,1,name
492,Hdh Jyhe,1,name
493,Jjkvkzeo Ulkgfwyi,1,name
494,Jik Hjv,1,name
495,Clxkdn Msenp,1,name
496,Uogdi Riffqktp Cvrryg,1,name
497,Ubyssq Cgebxh Pgt,1,name
498,Gdmmcf Avwu,1,name
499,Mgdrsdxc Fjf Viutph,1,name
500,Ejvaxnyn Bhf Wulf,1,name
501,Ymnt Cnqaufg Euopzlo,1,name
502,Eeclelgt Eyi Foxjkef,1,name
503,Ratzm Nmlvxl Hfghg,1,name
504,Rbw Dgun Chtspkm,1,name
505,Swavf Ipee Aweru,1,name
506,Eimdii Zgudj,1,name
507,Dqsddai Ihxoqxb Dyvx,1,name
508,Xiyf Bqbrk Lrvtazxj,1,name
509,Crudom Fous Sscq,1,name
510,Ebrjtm Uusa Ktixcm,1,name
511,Yjayqfay Zjcmoc,1,name
512,Xngnyt Uunsaq Cya,1,name
513,Fir Byhxznt Jum,1,name
514,Tvimgd Kqywk,1,name
515,Rlefpnv Euderz,1,name
516,Qaobcwky Pyzdlu Nbg,1,name
517,Kxdjme Gsy Yvoe,1,name
518,Iine Lthopu Ebr,1,name
519,Phaj Vukygzl,1,name
520,Twom Fut,1,name
521,Qlu Ima Tigot,1,name
522,Inxnkfvy Bnrc,1,name
523,Ruujkz Rxkefpsi,1,name
524,Tmvrmxsh Yja,1,name
525,Bway Jdbxk,1,name
526,Ilxerhyv Mvev Fcgvilod,1,name
527,Bmprphdw Gsjc Vsxqya,1,name
528,Qteuhwrb Wdlbt,1,name
529,Sdcgxec Lehnwcz Nzgsb,1,name
530,Mlwhryf Plmeo,1,name
531,Omdxjcu Qxll Jqa,1,name
532,Qasejpxw Yhyyx Ybluka,1,name
533,Vpddn Zecbw Abww,1,name
534,Omesmnn Crdasqx,1,name
535,Khyi Dosp Wmt,1,name
536,Cjxyyr Itraf Izcuxgf,1,name
537,Qwuc Tkkgwt Rran,1,name
538,Ewvptf Jnjilx Ryqnj,1,name
539,Xswtxf Uglw,1,name
540,Njwkejkz Svhcs,1,name
541,Xtfbvrl Kmnu Nljlc,1,name
542,Fyqv Wkeshxt,1,name
543,Uellv Ndrf Rri,1,name
544,Qimrat Wtqn Wpf,1,name
545,Cxr Ctunm Xbn,1,name
546,Jzjndf Oufd,1,name
547,Aphvxqml Kvfxjisb,1,name
548,Jktzkspw Pzywq Nuzk,1,name
549,Czhnxb Tett,1,name
550,Vbgagsa Lsssdw Lbescr,1,name
551,Ype Mowpy Sod,1,name
552,Alme Fwgi,1,name
553,Evobyg Vsgin Yzksrnq,1,name
554,Chccmhvx Qomxqufn,1,name
555,Jpipyfh Quawz,1,name
556,Xepnw Mckp,1,name
557,Eji Xnkq,1,name
558,Cmdbeh Uiuk Vxiemnr,1,name
559,Gowahbcg Mavubzqv Ucixnneo,1,name
560,Fqrybl Zmeobz Jvqnwary,1,name
561,Tddax Ivsm Xdpr,1,name
562,Pvuszlip Bohc Fmwvvzjq,1,name
563,Ltrvhj Axhcmu Hiojzzy,1,name
564,Jvfpawoh Nuhkrp Nqyqoxan,1,name
565,Vnlnvbo Kam Vfi,1,name
566,Dfmznov Qhiblbe,1,name
567,Izcfyz Jpiey Itnufirv,1,name
568,Virspw Tqn Etc,1,name
569,Msjyt Xbdmykh Xns,1,name
570,Nqnsyax Aiysy Gbti,1,name
571,Yvzduk Xammq,1,name
572,Gmlc Aqr,1,name
573,Luiyy Hris Zdruvthq,1,name
574,Llxnlie Jgp Dcl,1,name
575,Bnlqzlev Pil,1,name
576,Tohrwkhb Lcrfz Azsos,1,name
577,Kwzt Tfaszuwu,1,name
578,Lzbh Txkviwnz Wmxqfmv,1,name
579,Qeormuft Ctwaeck Rfgbbqu,1,name
580,Wlxgy Vmxbdkn Dbdl,1,name
581,Trcko Kwac,1,name
582,Ximyjbt Cqvsfys Csnjb,1,name
583,Pwzupqez Mdmqdgj,1,name
584,Njpkypb Vgm,1,name
585,Vemch Aitx,1,name
586,Wzwrm Ogcxt,1,name
587,Ohf Lcqzzy Rwvbj,1,name
588,Iitgec Fjyw,1,name
589,Xybgpgin Kdl Csk,1,name
590,Luhrxlj Bdf Ognxzvbq,1,name
591,Kokrige Utplohz Nbdtf,1,name
592,Xkzymga Vnaq Wvjb,1,name
593,Wkflv Fmpqkbf Nrwrz,1,name
594,Ldsackp Mtlwfjdr,1,name
595,Ukiqn Mtzxfxc Mmzxm,1,name
596,Xkffka Kmhchqzi Zrg,1,name
597,Cpa Hgf Snquv,1,name
598,Xnzp Dilflj,1,name
599,Uazxkpcp Upfcort,1,name
600,Hghom Qprcvwkx,1,name
601,Anb Bhcukkh,1,name
602,Rrnrev Fyzxxrn,1,name
603,Txvhptw Ywtogj,1,name
604,Rtsz Vgca,1,name
605,Wkylyvah Xhiw Nkgwhnnh,1,name
606,Wtnide Szwk Lrhsvuy,1,name
607,Nvxc Uupexyb Xci,1,name
608,Pisprnbj Rtkp,1,name
609,Gkwgvco Sei Wbr,1,name
610,Uqyn Btilb,1,name
611,Vjtjdr Iuuajtn Efry,1,name
612,Gqp Xccdi Keu,1,name
613,Lya Fby,1,name
614,Irhxqanf Nil,1,name
615,Rhplt Rgt,1,name
616,Jycvbl Cbha,1,name
617,Pmykr Fopyu,1,name
618,Rkbfuzq Sty,1,name
619,Fdz Hdpwzinp Yhfe,1,name
620,Dkjawcyi Ahyuom,1,name
621,Kahcdkoq Oogqomtf,1,name
622,Emwn Mtld,1,name
623,Cxftzvx Lqcmfbr Vvpsj,1,name
624,Emexlyjv Mhlrquv,1,name
625,Qmqwniq Vcvmsj Kuqwf,1,name
626,Vrgtwytk Aztd Hoxxepk,1,name
627,Ezneuez Uropbxr Xxumkl,1,name
628,Uwfvhcc Gzoqr,1,name
629,Jne Ilwrk Gzqbgubq,1,name
630,Bumjej Blvij,1,name
631,Yci Njlpre Xxqrk,1,name
632,Rpo Qev Wulrdix,1,name
633,Ujei Ywairtj,1,name
634,Vmk Atideh Qjcpaqmu,1,name
635,Uxixnujw Bhnql Wfgsykf,1,name
636,Lzkqid Nrpirnf,1,name
637,Smfpt Liixvaw,1,name
638,Tzoxo Bbs,1,name
639,Vaww Yhizi Coxxvs,1,name
640,Tfb Uzqbn,1,name
641,Ixdjfc Brqanthy Cdn,1,name
642,Gphjmka Yomblsq Ipupjtm,1,name
643,Zidv Ukrbydw,1,name
644,Eksr Ggniff,1,name
645,Dabnmqkr Dopto,1,name
646,Zhl Zwrif,1,name
647,Hbf Cgdqlflz Ysi,1,name
648,Cemib Mywzeyuk Bsfvq,1,name
649,Vcws Vte Wlp,1,name
650,Lptldzex Brjbmjeb Slcqua,1,name
651,Xpcbm Bwnlvut Hekplbc,1,name
652,Nnsqsau Bbbejq,1,name
653,Yrh Llfg,1,name
654,Txntzii Wgh Ern,1,name
655,Gibghzpi Hmmka Upvjacxt,1,name
656,Xzbzjep Tvx Wjzr,1,name
657,Woosvybw Lraxi,1,name
658,Zjr Mnsvdmu Tiaw,1,name
659,Vqnfaq Fgri Iqvfbein,1,name
660,Yxbbpjrw Xagrrc Jjflgk,1,name
661,Brjsvc Ssqem,1,name
662,Ozvvaz Yzenwng,1,name
663,Jcaxia Pattfob,1,name
664,Wjsnkq Hhggublo,1,name
665,Juu Lurgncd,1,name
666,Nwznpa Yeevs Wihcd,1,name
667,Lfqjke Bnzpyej Zqysn,1,name
668,Dubtos Hgxypz Ovqsb,1,name
669,Jhrfv Mngahzbl,1,name
670,Afgzu Dahbj Ldlo,1,name
671,Inqhjpbt Iflofahv Tiy,1,name
672,Mdpqz Btetlxh,1,name
673,Addzmf Ldmczlwa Ipsxm,1,name
674,Zouso Znpqpey Vzrvowya,1,name
675,Brtwgtfk Nutfbk Igoxpo,1,name
676,Xisq Dfhbxbf Zvyg,1,name
677,Kffxgs Vqpln,1,name
678,Yfojuum Xlnqzdwl,1,name
679,Ypiuz Trpuerv Zxhtkc,1,name
680,Bhetrqoy Ckqr Tpao,1,name
681,Cki Ujvtzkyd,1,name
682,Rgqsywoy Rbfmzqhc Gzv,1,name
683,Tjy Gumwr Frsojrwp,1,name
684,Tlrron Hvv Ynngzzet,1,name
685,Bqtq Hul Szza,1,name
686,Yslblu Ujtfrywe,1,name
687,Vscw Umtqrnp Xer,1,name
688,Surywx Btiuxk,1,name
689,Nvyuvi Jcfsre Vstbz,1,name
690,Lonkqqgo Sblq Qkaipck,1,name
691,Kyc Iaho,1,name
692,Xabf Ksrfsznv,1,name
693,Syc Rmlpmv,1,name
694,Pwk Mwbiqm Roius,1,name
695,Bdaak Nwmpu Jhujvguy,1,name
696,Ejalpz Gxltlq Pal,1,name
697,Fmkmwuxm Gwjqztnv,1,name
698,Tjbnk Cqpq Cgmpov,1,name
699,Gloofsgk Ilbj,1,name
700,dxpzkbi 3.rww mms,1,name
701,!|ahahm smy /-gufrh,1,name
702,rlhgnkno 3(xtcx wtqpl,1,name
703,xlb rhni,1,name
704,7++xozyijm  ]czicvzw,1,name
705,ymwkp  3lxfr,1,name
706,.kzpqqzng mlqmne,1,name
707,+;kyamzlz :mubymu,1,name
708,hhhmz  ghvqmxn  wrcxh,1,name
709,mrtowj ovvsq,1,name
710,"+9uwl 8""cdfur",1,name
711,tapwcawx /3oqtws 1-$kwxxix,1,name
712,pesrouy :fpt,1,name
713,kwhps loy lrxwc,1,name
714,jbs ;yxv,1,name
715,@)euxpf  <!*nqsou,1,name
716,&`!aien rynhzgen,1,name
717,!ihnxenx ^.dfhvepu dntk,1,name
718,"?klumci jzndgalh ,rxskwfk",1,name
719,ybzumvdc vodqs,1,name
720,"[{vwhmoamg  $_kbimg  `,<czaigjub",1,name
721,ptf zdcfcq,1,name
722,":""_wrttmf ssowe",1,name
723,^bpokmvyu hbib,1,name
724,18bqf ^<dwm,1,name
725,ufessm nbodm,1,name
726,<0mbt &glzp,1,name
727,&otithtb (czl,1,name
728,]^>qdpbo  qkqhh  wpnomsi,1,name
729,7@=jmfbljmm 6!ihae ^aqunw,1,name
730,#'dyhfdv  <ahzdh,1,name
731,hmmott  6crm,1,name
732,_]mrceqivc wumhqxtv,1,name
733,&2=ldmwnil  qwje  rjm,1,name
734,>]@aitjzp 6^:fjxi xtgpqme,1,name
735,^6mmz rldp,1,name
736,-dqw ecga .1jdsnpwl,1,name
737,3*ifx  xoutxi,1,name
738,xme tcfkor,1,name
739,^aviq klnmztez,1,name
740,"oyzls  ""95tzxqhmbn",1,name
741,hog $`rsrhvq,1,name
742,iotb  proo  kjvoi,1,name
743,"xbpr 5,jwcbw",1,name
744,8+~yjhblen  urierp,1,name
745,uvs hrzbmgn vtkalad,1,name
746,djxyg (sej,1,name
747,drmx fiaeo,1,name
748,lrvawxs 5_afegzid,1,name
749,@ymk |uhw opnwia,1,name
750,jqhctwd _pkj,1,name
751,ihzw kdxrated =qyvudou,1,name
752,7jabk ^vxtdrzsr gqyxpb,1,name
753,",&wcv ywkgvlle",1,name
754,'kdqhkh  hkqkloha  qdttgyxa,1,name
755,son 81xmuahqo '*jatquq,1,name
756,1`$sqduczr waqyxh,1,name
757,<nmvr (&pubmcja 2wgnqy,1,name
758,dafpwcjw etyso,1,name
759,mijih ykedavvp ?ndill,1,name
760,cstvivx  nzueykkq  !_2jxugot,1,name
761,"3ymvwfxhw !5""gjlmf",1,name
762,++nofmb  <4ezc,1,name
763,(kaejs  sbbbe,1,name
764,ndfurep gasdm `wdizxap,1,name
765,qyxf vaqmte qdk,1,name
766,^(4imm $/dxlpitte,1,name
767,vqdoeyb '=mghel 6=aommr,1,name
768,".diawyr !,ncf",1,name
769,cxaj jelu einzo,1,name
770,haiwn ;czfqtij,1,name
771,((|lbpiyrd '7lqnyltvd utzgfing,1,name
772,2fkroevc 0hqim,1,name
773,dplwsg nltpxha tptl,1,name
774,%$7zchn wffypdqx thho,1,name
775,iocm wso kap,1,name
776,"(xtyuni 7,-zpozcgc yiypkx",1,name
777,obruw  fqzh  []xiaart,1,name
778,"zvoeq ,%grvemgqm -uhfqpogf",1,name
779,pbnulxcu <$zxofjkkc,1,name
780,6bxcvbvea ctnc,1,name
781,sbnv  sxd  :+6lpm,1,name
782,sogmuphb `affk,1,name
783,5#/unv  dxviaq,1,name
784,9reubur 1czqukfh oeoq,1,name
785,:24jnlkg cnew,1,name
786,!>tiuhhoq tvcds,1,name
787,nkuhrbbw nycr '2xtw,1,name
788,"""\ozd  2vzjm",1,name
789,skjsdl  pcxiyk,1,name
790,@(5xwxuvf foywcsi gjljgqp,1,name
791,xccsjw hqoe swzd,1,name
792,3jcgfzfic  njomiaws  xkn,1,name
793,tyn %?[fkyiq xsoywvk,1,name
794,\zhyqemin kewct,1,name
795,tdjiwwsw gozxu *2lprrk,1,name
796,dzngo  !ilgttzma  9qemnl,1,name
797,=fkpcwdt  wyyx,1,name
798,*fpjowifd 00%toxshw onui,1,name
799,%-/bodjid  `4(lxz  pnnp,1,name
800,pulhiob 9}6dbm 2\ochycoz,1,name
801,`9[obf iwzgzj egcksnol,1,name
802,"autrqj )""<wyytk",1,name
803,"[""qga oeut",1,name
804,"*jbzqm  4""nnffi",1,name
805,txfvxug tfvah .+1paq,1,name
806,@sscny =<jghg,1,name
807,~^bdgrbd uekpgr,1,name
808,\ymttypp =cdmch,1,name
809,hfrpyruj  \uaj,1,name
810,>zif ^0.orkcv,1,name
811,inz bowovw frui,1,name
812,xcw  %!8ylkhgp  phzc,1,name
813,bsgiqun .ocaxmu,1,name
814,lwe  |~oabsdu  2nad,1,name
815,qbqah mgmjqj,1,name
816,ipcdqgd udiya _fyjvrs,1,name
817,ksvwwzse xcvq haarhwv,1,name
818,:{xwlb !/-zcrczxkf mzratlh,1,name
819,ykyxg  sjbfp  )4yeyuzo,1,name
820,"cltcadvh .7/zva ,/.pxpa",1,name
821,;kim  ubdwbxy,1,name
822,xqjgb [:<gtdc skkcd,1,name
823,;sukr `wswmjrp *^)xxai,1,name
824,pci  ulxahs  'ifkxpvdy,1,name
825,"""|xsr ewvtqpmp fnvi",1,name
826,crphjc %xrwrlwuu,1,name
827,5[ouxvxzq  nbqr,1,name
828,wwgc  |stroyp  qvhs,1,name
829,szmec sxy 9-0hgfvrc,1,name
830,jnkur dhwi yqj,1,name
831,txmzf ykby #1jwt,1,name
832,avztmjce  .}!rwsq  '[resleg,1,name
833,"1[lingkcjk  ""dxox  *`8cixfmi",1,name
834,ecbqrox etuk,1,name
835,eqttrcg 9)rgbeno .eieabg,1,name
836,iki %#ldzvucz,1,name
837,"djy ~%,hrt",1,name
838,322tiwpa  <!'hxu,1,name
839,kcr |]gxorh #gdtuocvj,1,name
840,yyevqe rsmyasq cqbmau,1,name
841,-9rnmcnzd  \-4kzyxrnxd,1,name
842,fkowo <|mshf tqt,1,name
843,"`+""yzvyqwu 1dxgylcwa",1,name
844,(*#vhttjojl  zraxilxk  9/ocboy,1,name
845,7khxkkarf  eqfnjop,1,name
846,sps unzw vawgbr,1,name
847,9]qzagjtgn 2}9jjoptrv gjhm,1,name
848,vpwybv  ulqvvnt,1,name
849,judyzcr !'!fdvhs &cozvgbui,1,name
850,5hyom ywja,1,name
851,pzsie olfnwrd,1,name
852,-hghsi _4ufockir,1,name
853,3dytdqndn idmda,1,name
854,caqu ?^[akhdypf,1,name
855,zlxx 9zzumbevq 8=~wtpkfoxf,1,name
856,kzlsic woadrbzq riew,1,name
857,lcumh  zfiffa,1,name
858,wviu 8<fohlvjji,1,name
859,yih [vnncfirv,1,name
860,"]]evjhddhz ,""(pnr",1,name
861,ndadq ljfw :maak,1,name
862,"@:,uurniy :>lbxtu",1,name
863,%}ugpvu fnraizw,1,name
864,gzpc grxzw ([:ayzfcun,1,name
865,clfwmzhf 3{/ojxovwau kjcketsc,1,name
866,tsdeweag  }9qnkyuyg,1,name
867,sgfir gxt,1,name
868,~oypsdqiv  knsbtstg  :.#dhixxu,1,name
869,%$vmb jwwcy dersqc,1,name
870,",0-yiebmkcn bqihr [>7maj",1,name
871,;ssy  jlcmmyn,1,name
872,?gqimd  .#fetozf  @8vjogre,1,name
873,"[qvoebx  eckm  #,wieceth",1,name
874,@>bclpeq  (>~pjiy,1,name
875,vpr !8ekqippu,1,name
876,':7pcfs ygqagf phhtssy,1,name
877,",*<ztawnc /uortx pao",1,name
878,3=)geup ytto,1,name
879,frl  28jmlo  pgne,1,name
880,:=symazsks |dlxufyj 8]hrqyva,1,name
881,"^piyej  {,xjoji",1,name
882,wlk nepyesln sja,1,name
883,+.?dbdfhml hka,1,name
884,~/vyiubbqm  ~>ebn,1,name
885,^\0gwqs  <bqeckit  xsgriz,1,name
886,!kqbxrf  qwunvwhs,1,name
887,:>3yha lqbnigtc,1,name
888,*6<guf  xvfda  loslc,1,name
889,)^cnplk  ejphffwu  (}qrhi,1,name
890,}?]hlwdupnp iypxvkp,1,name
891,%#qzzg  fobtcugo,1,name
892,"&1vzbdzi  wqni  }#,sipfo",1,name
893,.mvsuapqe fpeoc,1,name
894,}rblwgy  xdavh,1,name
895,|#aujzjv /+kfskhpjf cldk,1,name
896,]]crqfjc gxzwx >vlboqjg,1,name
897,/_dweyivy !tqyci,1,name
898,&^ggl  6budrzx,1,name
899,lmayajo cgqelzs,1,name
900,1=ghewoxi  \(sjzfccb  eoaipvv,1,name
901,@@ajrbbk =?`yei -+(hmu,1,name
902,dvvsg _?#kcqmkfu =?'gwlmnytg,1,name
903,qxeljpb #ailbax,1,name
904,=&thkb {6nmbbfed #xykwdxxv,1,name
905,^owwp 0uzwu,1,name
906,zyqncu $<vdglc,1,name
907,bctlzcak 1?tnrl qhu,1,name
908,/kaggtdsa '=#xgasmc,1,name
909,%buohm uxbvro sbxkpdcv,1,name
910,[msqqdyfq  -eixxvsnp,1,name
911,#!pszhzxx 3^ypct,1,name
912,@2jwhpzkfw  qsynhgw  10`ejhtu,1,name
913,|jzkjc cbygfht,1,name
914,]dqlvvpje %</qiz,1,name
915,dgpw zed,1,name
916,"""rhzuwdo ]9cmnjaf bqmsuaaa",1,name
917,plgqxkyb  ouvat,1,name
918,)5rrjdmegm rlctyewc,1,name
919,svr rzhj,1,name
920,"+nmk zzqib ,\jmeflvrz",1,name
921,576mirdp =%_mak,1,name
922,}*hfe ^7!ikywxa hqc,1,name
923,ljibk fqemu +rfic,1,name
924,xii  :lqdrpgp  hikg,1,name
925,tuvkvxqh >bcz,1,name
926,uykjqk fadb,1,name
927,xqyvo  ucira  qnrcoma,1,name
928,isqhdb [qzlm 3(+nvmbyy,1,name
929,62!djqvq  kfhvgcr  igu,1,name
930,jjcskuo  djdus  wcwuhxd,1,name
931,|fbz ljtvm |ihvpqd,1,name
932,rbigrzl }|gyoxe,1,name
933,9.iaoghzby +&:gzaibd,1,name
934,djocduzi lmn *6(jwysss,1,name
935,qzzc 7[lzjtp xgnktz,1,name
936,:|mprzu wcuqyzt,1,name
937,wwa  !)vvmso,1,name
938,jypb  /(dtnewlh,1,name
939,"9xamhchre #fbj ""}sbzbpfu",1,name
940,vqfpp -^cmavjk zrit,1,name
941,~ebvb |#hgwforjb hdq,1,name
942,ltqmv ;jzydyxrr uedjeqpv,1,name
943,zghtd ?%mnx,1,name
944,8sxvyfn  lonn  ssilzg,1,name
945,hfwqu  ?$wlyr  `}9apdeplir,1,name
946,&^qsolt  #mghuc,1,name
947,joif 7>3ohlm #1fvjitpx,1,name
948,[rtiib  fpp,1,name
949,gzltlugh htax,1,name
950,bpo zda <$5uimlfijs,1,name
951,<qfxvvnc  xrhdqff,1,name
952,skezj \bvqxjflo ;qjld,1,name
953,.fliyzyxa nhvoah 3@-dsaymx,1,name
954,"knth  12,exmcniqq  cwbqor",1,name
955,kxohlw  27kzh  hkensyv,1,name
956,pej kgf lkyjhoq,1,name
957,yviikupi :=+sviu 55_apcsts,1,name
958,nvgbfsfn skicuck jivg,1,name
959,}uczpxfh  =&0seb,1,name
960,sxk atdvnc \*&olwfdnf,1,name
961,"4""0wqjrvuu 40dvns &rdnk",1,name
962,@7duwrtgpt ksffytu,1,name
963,"""\kyei phthozp 9)_edflmhoc",1,name
964,dznv &5epk <pcrnx,1,name
965,hfkc <mzjhwdt,1,name
966,"{!,qyglign 1%jdjdfjy",1,name
967,"qah  jbcxieoa  ""rkbgluc",1,name
968,"\pbeeev  ""hss",1,name
969,)5thc 4-rpoo ujea,1,name
970,vrvmsqj  @}lqwxajm,1,name
971,jfore  cgkoars  /*oeezikx,1,name
972,vmhcro .jbkplh,1,name
973,;7ydvgo mzq,1,name
974,xukkbns  xgh  lqtvf,1,name
975,^~ychpt &hms,1,name
976,oiovn  !'gjtlftq,1,name
977,rhnukh  axazakp  osp,1,name
978,#'\wqci  qeluprn  tglvdhn,1,name
979,hijr :\aetyvbn +#hnfsm,1,name
980,]jeg rwuckzab,1,name
981,(*cui _uuene,1,name
982,djokup  ]vqq  zsfnh,1,name
983,njrjujr xxtp,1,name
984,"kgn  ~>czzxdzvp  @""mizbot",1,name
985,"<,+ockaka  ""=$wek  jpkpnpo",1,name
986,vimma ;<*lgargyl,1,name
987,{;\qrtlbk  3lntvwzx,1,name
988,$zzorvgm  tfms  ynwweh,1,name
989,vgixxmnr 0uhdnwqiy 2}qem,1,name
990,"ennbzbh  ""[0tza  ;^@jjxl",1,name
991,4<$rjkpmmla qqf,1,name
992,"""=enbkxiul  qnefft  3malf",1,name
993,?8/jzlu =38vfjc,1,name
994,fpwl (=)kuv *7mfc,1,name
995,"5aqpvr  0fdle  ""|yevk",1,name
996,",-{tftorry eypiufe",1,name
997,yrjmshq 213ghz cuybwqi,1,name
998,<ctzbxq xuc,1,name
999,snaysqu fuqdpreq xcelkc,1,name
1000,"inuitid  nxv  (""@qhlygx",1,name
1001,pjq wfej,1,name
1002,",8atohbxkz lmli",1,name
1003,"gdwf ""ksu kijenz",1,name
1004,bfjlya 6@|icf,1,name
1005,",&cobpq \slapc",1,name
1006,{dxy vauh ^1]bdb,1,name
1007,=3iscjfsbw %ywo :+atnliae,1,name
1008,bpnjxccp !xvxppqlh,1,name
1009,bokkwup aouzkkh,1,name
1010,7@?mealxv 4didhi $<{vfab,1,name
1011,cpexronc nuco,1,name
1012,``glywqua njnuq ?uvqjkwu,1,name
1013,`5egsi sehaqull,1,name
1014,ybud 5xxowe,1,name
1015,6'ddcicyb oluqzrt,1,name
1016,0&vwjb xyvdhm,1,name
1017,:6^yjicb 350nmnvau $-qztjnukb,1,name
1018,ciu !ybesk,1,name
1019,_=schidp ptys ~7)bxcq,1,name
1020,hlzdz  xniuw,1,name
1021,6kulnuj dwl,1,name
1022,csa wsazxhd lnrn,1,name
1023,8qdnlp |~&vqrf,1,name
1024,xnqtc  0+8gxsq  rscr,1,name
1025,lbphwkqn vaxrea lxdsaxf,1,name
1026,zmuagov 2gkzqzfij,1,name
1027,url zit,1,name
1028,~|naynz stgj |':zplmvrx,1,name
1029,crfp '<qgwfdgai,1,name
1030,|ozo zgxp,1,name
1031,yvgdscgs gkc oyla,1,name
1032,<*0jisqag 4\hass lhi,1,name
1033,\1hdurjcd ucu,1,name
1034,xjqhoyit hdohghu,1,name
1035,".""nudz :thvgs wiaz",1,name
1036,`=*kfm  botzbjn,1,name
1037,"rmw :?,ccpx |yjddnri",1,name
1038,'}>jjnfge  }izokebqp,1,name
1039,lygtie xflrdtf ttickrm,1,name
1040,/{bbjbixd 63fpyewkep,1,name
1041,4ubgdy twndugjf zwnrf,1,name
1042,+snq ;^*dwiduo |9qdbjpcvz,1,name
1043,",`4csc =albke nqmbznty",1,name
1044,"*7;kfm  "";qomcz  erk",1,name
1045,6!qqu `zvaluvyc,1,name
1046,3ehm  [vdqri  8{dae,1,name
1047,1=tlvrcrje -bxlf,1,name
1048,._:rbxbqiy hawz,1,name
1049,zelqsaz !:(eswatril epy,1,name
1050,`>'kmwctt !:8nek cngl,1,name
1051,=-&azbgoi iohqxtuq,1,name
1052,:\>bxch ziiedwi,1,name
1053,rgcpxcix dex xpn,1,name
1054,abxkjsss fhju,1,name
1055,[(<kmt !6:pelrt ]::vmxxi,1,name
1056,%54epyzfi  qarqzo  62uvbxjvyz,1,name
1057,nxhrzkl mtyfvx,1,name
1058,zbmtbrm fhmwujue,1,name
1059,bpjcrj rkzhps alvgppdu,1,name
1060,"lcqpc hrwzvwkd ,-^cah",1,name
1061,"8""/deuqra  puzzj",1,name
1062,rka  <vzyr,1,name
1063,'<fpnppznm ckdi ilqehzzt,1,name
1064,akwcofgo  fxtru  bxxu,1,name
1065,nlquo  @ferhshxc,1,name
1066,"mul  vkmja  ,^ake",1,name
1067,emr _hsonk pgmk,1,name
1068,hfkylye 7_6jein fmv,1,name
1069,lrj quwhnhp,1,name
1070,[idr ufd,1,name
1071,edfyayz 2]#agjm,1,name
1072,"<""@zuexuet jpfj",1,name
1073,xduh blxaqy,1,name
1074,)akknhc `nudgacom ^~&mxzb,1,name
1075,7cwaeo 8+[rlx =qbbruox,1,name
1076,pfmwy `yjxj,1,name
1077,usjsekut  ocgc,1,name
1078,dtvscfs qfaieocz {-mrvv,1,name
1079,wljel  ihl  7%)qijgxod,1,name
1080,@(]rkgaijnx  /]btcd,1,name
1081,ivabde urxrpzta `!vdewjacx,1,name
1082,uhfuce  {bslmbkro,1,name
1083,cjp  4xjjktqyz  'aznhcveq,1,name
1084,tbyn .7ukcw,1,name
1085,7\\gcaiwg ntkn _}.vqjxs,1,name
1086,xagrom :}dgele,1,name
1087,psl 'hmqlsha /}iedfk,1,name
1088,ghcd *:kwtawt zcf,1,name
1089,"7lnplrzwk bsxzt }@""vajwwmft",1,name
1090,lajzyp  ywqzuvrx,1,name
1091,zjjlp poz,1,name
1092,:**gza \zda,1,name
1093,2`vwqwwvq  5muzivrp,1,name
1094,.hhyic  aynphf  ]-'xpgi,1,name
1095,pujsxcg awdykw xeje,1,name
1096,}ohnbk {?*cmsphi ]?bbzwag,1,name
1097,&xpyo  |1eqhafdpv,1,name
1098,.3dbiar $lefiijc,1,name
1099,dtixpgwg /izokicbe ijvg,1,name
1100,7@-bumggp  ybeqyluw  1wruvpa,1,name
1101,/.ybtxjyn vbx ;\xspjuz,1,name
1102,|4-xhbprw 2'-xxpr,1,name
1103,rtf !-[dnai,1,name
1104,"(-`uurozolw ,*mudeek",1,name
1105,tkr jil,1,name
1106,$;gbfpbyin zlgiwvim,1,name
1107,"=""vrq *[bwhyieg 8#'lpkydfe",1,name
1108,mfnr sam,1,name
1109,">+xhtiog  ayoxoxf  ,+.bcwu",1,name
1110,`gxk $aeg,1,name
1111,70+srctojax {gha,1,name
1112,84zcizpb kbx,1,name
1113,:4^skslre  >ckl  <]awcr,1,name
1114,ulo  ivjas,1,name
1115,lfqjnce };<zsnsq,1,name
1116,vfhp )/smfohz ]ltybvtg,1,name
1117,"wtshbodw ""5/njkghx /dksvuvhb",1,name
1118,kleybln 1csy cndyna,1,name
1119,^6bak  \{pfh  otai,1,name
1120,sxz -gcy,1,name
1121,orvf 3!2bssriz,1,name
1122,(>!cogxvcb 5|wlgebp,1,name
1123,"`#ctvosos ,?illlsit kkgwec",1,name
1124,gpykskpi =/-jxvticcw >5~vwrhdw,1,name
1125,wkkfgtse  hinarcfq  $vudoj,1,name
1126,<lngtclg einvc =>tupmns,1,name
1127,yffvq wuo,1,name
1128,uor  kgaxn,1,name
1129,czvklsn  (1deuamvb  pbzmx,1,name
1130,wqwycl ]\cwbawrm nks,1,name
1131,sqbryayw tdfg @kemq,1,name
1132,iwxum  |0-sdyws  <{svenami,1,name
1133,vocty {lwq >iprimdu,1,name
1134,xwbe  lvtbhae  !vmr,1,name
1135,"2%iiznasi iurktfiy ""*.eircriqe",1,name
1136,1rvsiqw fvfow resq,1,name
1137,:>?yvwu ualtrkgs,1,name
1138,+hmjbk ?ctl &!extj,1,name
1139,hrbun oepvu >9trzbxcp,1,name
1140,-gnm 9nzfc,1,name
1141,tvs 6.]jzcgo fofav,1,name
1142,<9uuybgux fek,1,name
1143,4}pippcu -:ujsiez pafodxa,1,name
1144,*vlbsl %@qverbo $bnwvqfhx,1,name
1145,5.leziaooy ](!uqj,1,name
1146,mnstjbr :wudl bcp,1,name
1147,[~#nlmhtpqg  phg,1,name
1148,<xqcctn  uce,1,name
1149,fsrax  zkzhbr,1,name
1150,&%wxvae lrmhhl 22hiuyyy,1,name
1151,"jgk  ,nwovq",1,name
1152,_(xsxkktk imndgxe,1,name
1153,:sdn  airlw  ;1#gatg,1,name
1154,bcoaq  9xsle,1,name
1155,ejk 6:ucxubfdg &2.syvkufpx,1,name
1156,3]dbsljls kby >tciijm,1,name
1157,mkoj egri &:|nud,1,name
1158,oku rxaajrr,1,name
1159,;2usn  pcgnyo,1,name
1160,ibjzojy uyywvk ppyrmnht,1,name
1161,<4yjrhm dbarz lmovzznz,1,name
1162,pnpqf $cyjdkj,1,name
1163,"]!chgdkefe ""#!feanqujh",1,name
1164,.#.nixyv povdil cqiqx,1,name
1165,zgu  /*)pdaokaxa  oxb,1,name
1166,skp obiaw,1,name
1167,_pvgt gmtjgc 558hmfrumfy,1,name
1168,>gkxtwwd `72vavbgbj,1,name
1169,"9@""yvymtsm :8xmchvnfz 5<trukck",1,name
1170,"~4tyt zfi ,$bqzgnzda",1,name
1171,ioksnbcn  ~ufcxvj  erckweul,1,name
1172,"hjozvegt ""qfk ;%hdnqke",1,name
1173,";iqkqbob ,xqjxur",1,name
1174,":>""aibmel ""katnlv",1,name
1175,dguo &0@sscvcift ;.lltd,1,name
1176,_:$vpji llsxtr,1,name
1177,wvbtmf  aukl,1,name
1178,_[?bjey !\oadwl,1,name
1179,hsrl  uynullcn  gxxsf,1,name
1180,[-(hreuj ucpbd ssgovqb,1,name
1181,bjflqj aovd,1,name
1182,jknavk kitu,1,name
1183,^?qnw  1;ckjhox,1,name
1184,gsbqfpl 65}afe,1,name
1185,"ntxe ""+)fhtrzdk jepvw",1,name
1186,*1`ingjld -*3otq gdjeag,1,name
1187,`clisepi ^xqetqc dxoun,1,name
1188,ihkbumtp  cbeudx,1,name
1189,ozsl ~uoski,1,name
1190,ndgwb  ydvvxj,1,name
1191,+fhkgu  acnhqxx,1,name
1192,>xbfj dqhphg 5xzgjwcyd,1,name
1193,=qtiqcxl  'qsly,1,name
1194,mpp 15zvj 2\gguea,1,name
1195,"ycahlvdx ',^pdi",1,name
1196,#8`qzrnib  ?7!ssresr,1,name
1197,"pmnedcsz  ,wtaa",1,name
1198,"tols +axazqu "":>xfpa",1,name
1199,upcfaopo *qvr,1,name
1200,rxmot  geytv  lbruamw,1,name
1201,dspgig  64yjqotxpr,1,name
1202,axazrxot ;dnckob 'ovwyycut,1,name
1203,mlsiqu  {9/hbi  mjte,1,name
1204,toms `|>qjsxbbx,1,name
1205,"""fsc >}ipt &0]bztex",1,name
1206,vjkb rblb,1,name
1207,;ahvmy  $cjklvr  *nuvws,1,name
1208,wyxhi ieclfnol,1,name
1209,nikoc tujrzrei,1,name
1210,ghjh %zpln,1,name
1211,#gemhgijs  `*9piuwanzj,1,name
1212,$|sep  tytncvzc,1,name
1213,tnnnw  _einhmq,1,name
1214,apj ysplw \jkilaakc,1,name
1215,"~""ofsknqtk (9xgmjv",1,name
1216,*1gzkhf  xpobhleo,1,name
1217,nwkieu vkzyzm lzrw,1,name
1218,hjaqbtz ~jfuty,1,name
1219,gaizmt dva oiqqbj,1,name
1220,"7>dimha 5,wep (+xshtfqe",1,name
1221,gbh  3]hvj  rpeqmwzy,1,name
1222,hwjnz @)qjfabmd,1,name
1223,+=^bgupyyj ;]wqa,1,name
1224,"ocqm  tasgb  ""nchuvyzs",1,name
1225,ueezknby  tyr  dcziol,1,name
1226,4arby  oscgb,1,name
1227,]igbfe  2rct,1,name
1228,]()abh ppacrqu,1,name
1229,fetcrm 8]qrxmx -{mputpddm,1,name
1230,~)&mtdat }|ibi,1,name
1231,$:oxo  >^baycctu  !zxmce,1,name
1232,#`=gtm >kagynf,1,name
1233,sxj 6ylwz,1,name
1234,xhbfhc btukd fxxnmk,1,name
1235,undg ubk,1,name
1236,wvno bhjy 88tii,1,name
1237,<cfy rwmdn vtwnmiz,1,name
1238,9lvfbdk 0{;rjc,1,name
1239,vvs (*nfvvclvb,1,name
1240,jux *ngxnwwq ==cla,1,name
1241,odej  !/tuf  hvvdna,1,name
1242,'(sljw  ogyh  [(bxdudd,1,name
1243,tpcuqeho  [%ldejsaid,1,name
1244,3|zpk  yda  }|brtz,1,name
1245,$$tair @)/uktmp fpvpdi,1,name
1246,zjjda :}.fmawgg,1,name
1247,rlpsnbe 5cluo,1,name
1248,~wtytnawt  &*^ncadbk  -ejmcub,1,name
1249,qcxwqv rmrhkodq rxlflgwe,1,name
1250,lowiz !iwh,1,name
1251,"#\#axwpivyx 1""#srsgg /+_ignyv",1,name
1252,hblu //dibbjxj huof,1,name
1253,]mvuj ^?gth,1,name
1254,hznfltyv tng,1,name
1255,skpjedf `'7mwzcqei dstyhkmv,1,name
1256,78zgnues oksm oza,1,name
1257,sixae xjwtd iigbt,1,name
1258,=;_soclk .nrsfhek jycksqa,1,name
1259,7#/xxgouxdw qiiiz,1,name
1260,"gwbnj btvkbp {,hsb",1,name
1261,vay  eqampfto,1,name
1262,'~3wbbc bklchb 570vnbqz,1,name
1263,zvgbuu endmvvy 3cwvhfc,1,name
1264,"isbtul _4,baxs",1,name
1265,propgn 1frnhz,1,name
1266,wyles /@ooqkqad,1,name
1267,"iwkwqe *>""errd",1,name
1268,%~|ylvy  *?qmb  bzcj,1,name
1269,/lcqfues |jpobu,1,name
1270,3xbwnhmai @fmj,1,name
1271,0cdq qmu,1,name
1272,voh qisynp ^/rechia,1,name
1273,kfsokd  5lvo  slkzljg,1,name
1274,khynuop ezp \osjukusq,1,name
1275,:>vbv ]bftiay,1,name
1276,ljquq $xorahdes fsnrp,1,name
1277,}?^onism  <krpxtcy  ~#qablzxxc,1,name
1278,"~'ahb  2,\acns",1,name
1279,bbz rpw,1,name
1280,vwtjk gfvq,1,name
1281,luraq [eab vmwfctyq,1,name
1282,gph xgvlck,1,name
1283,woivvbbn @.tuemis acrr,1,name
1284,xmll .^kxrqpyeo,1,name
1285,try  uzbtrc,1,name
1286,'7+zmsw  lanvyrk  thn,1,name
1287,'lmrzvoqt !^8vwbq qqtsfri,1,name
1288,^$$cgmd +)ffzrsd,1,name
1289,hyumacll cmydnb,1,name
1290,ugxdw gpgzdst,1,name
1291,saatscnf  2:wnwebrbk,1,name
1292,jjvqff }mkyqhdor,1,name
1293,",5'leei bcf >qcisvu",1,name
1294,"icpvc *""vdwhs",1,name
1295,;sjuw  hforqqx,1,name
1296,'0jnumsmoj  ]vxr  [dyqekil,1,name
1297,bzizdcj  mkuw,1,name
1298,dooe  isnueyx  \7yeex,1,name
1299,4*'gqpx  whldawqe  66<yvepfrhw,1,name
1300,$mhc  ohuhlc,1,name
1301,fkzwx *'harrvmwz,1,name
1302,lqeqzz  %qkghbrt  nbdblrg,1,name
1303,ztqsy  6+eitkjlr  >.skgqtix,1,name
1304,hwmehyo  xyhmmkne,1,name
1305,6{atc ;fpu,1,name
1306,vukw tpurmntc wqxjk,1,name
1307,<thbhf  brctmk  =~ddoapa,1,name
1308,3\7wvo ]tqb blng,1,name
1309,lwc ckdjzek,1,name
1310,qnhhem _oiviogkx 9tqjnq,1,name
1311,xslx rguoyra nshw,1,name
1312,ibz gswo,1,name
1313,ptaya octgpzdh fyky,1,name
1314,bliqx 3rxefo,1,name
1315,dnh ^@$xhmkwi,1,name
1316,`]bnndxmz dbytbg vnkcnu,1,name
1317,hvmmdfi kxa \0`tfta,1,name
1318,>xpfpmxc  0ihp  mnxqut,1,name
1319,omcsybb  pgrjto  +|gvfd,1,name
1320,bueocy *;ryvsxk fjl,1,name
1321,ldvdqkh irz bpkv,1,name
1322,":,+sqnnk zgu >5?drvvx",1,name
1323,"""1tegn  vnmurlkd  buvmqald",1,name
1324,':qyjpqn  <1hfmfvp,1,name
1325,"kxm  ,butflp",1,name
1326,appepb  xwvk  ~gxwwmgq,1,name
1327,senqid psmtc,1,name
1328,sgq txq vlxruj,1,name
1329,sdwpx ndkry bkli,1,name
1330,"rpbwta /$[uxvbd ""/cvbvlzrg",1,name
1331,"""3bahx 6</tsufm uwlqj",1,name
1332,}dyiev \6xxygwzg,1,name
1333,royzxe  /3}ppmmjw  )enlwv,1,name
1334,|+>mcmltwp  tlu  :frngpowu,1,name
1335,unkvuivs  sdgas,1,name
1336,wxynkkc  4myq,1,name
1337,scpgxt $rqkyskup,1,name
1338,02\zynmzjh \#xejceyua,1,name
1339,$]9gahjvi vhnwlr evn,1,name
1340,rwrgts 0hofjcgjv ytaa,1,name
1341,wfn  hoasrn  zdqu,1,name
1342,neb dqy,1,name
1343,jhyauxu  xlhm  izdo,1,name
1344,ijmg  6'tkweuz,1,name
1345,ohfoge hseqfc,1,name
1346,+](gmedtjnk %3gng,1,name
1347,"6,-hpqxp  rlru",1,name
1348,qmsll )wrwp,1,name
1349,[(%dmvifgrs  oebmgnv,1,name
1350,"vhxezysu &+>dykdrief +,ldrmsye",1,name
1351,"mvr  ,^]flpgb",1,name
1352,2{|jwas  #qqa  nifop,1,name
1353,&!7laon rkemggsv jpfgon,1,name
1354,ahij (exvilvs dea,1,name
1355,ikygp  ^(buxvm  lrg,1,name
1356,&'2sjixx %qnp bby,1,name
1357,kcuanb nsln,1,name
1358,/`ssl #-ktmkr $[8xmxpxoad,1,name
1359,hbvnxib  1~]skcyoki  ~%qxvopx,1,name
1360,idthazcw zoeeqkcm (5fldfpj,1,name
1361,=}rhmsxa azqoxwbv 1^dqvy,1,name
1362,"0vbfk `!""lsul (:fybch",1,name
1363,ehqeqc 7txgr .~bumtcybr,1,name
1364,=/~noh ^hfxfq,1,name
1365,6agoxqhyi aemejvl 1yldwr,1,name
1366,iiaz ==7ztkrijxf,1,name
1367,4!pzpo (kqraz,1,name
1368,"7`pwl  &ylilwt  ""nojaexfw",1,name
1369,",2dav {/qbj",1,name
1370,pnp [fkkllu,1,name
1371,nbketjdi *5mtgddw,1,name
1372,?=*zazhito `/3tugvny {+lkhms,1,name
1373,#ctxua arbb,1,name
1374,ewwpdwju uxjml kvyq,1,name
1375,[uwrjoxj woglcs,1,name
1376,gwv kwoo,1,name
1377,wvytmnn 5ezkbn,1,name
1378,@;fnttj  igtlgrni  speaiyw,1,name
1379,jyfsycp  smmwu  /_&cbtnzvq,1,name
1380,lbtuwotu  2(6mlku,1,name
1381,6$8ichgizzt ndy,1,name
1382,qquaqvit xfifa #;~wegstn,1,name
1383,7ohbdk `7ahxtgzc mfru,1,name
1384,hgqki zgldenbb \>3qdp,1,name
1385,irr tihjgitn,1,name
1386,dde  0weosovw  epipak,1,name
1387,`3jcytiu  eppja,1,name
1388,?=@cjt izgr,1,name
1389,oxk  0?{yuil,1,name
1390,swijw ?|stczgz,1,name
1391,rcgiu >giuddf,1,name
1392,fbnotvz  wkyiqi,1,name
1393,fraue  alrtvusy  ^!eey,1,name
1394,7)[eqjiket oawwsab,1,name
1395,mtxkg  qhubxw,1,name
1396,inhqhh bnmsjd [hlgjta,1,name
1397,gniurpkj  lgb,1,name
1398,!3lkqlqo /}zpplmkz,1,name
1399,4~+kldbc kyxlajs,1,name
